Pais,Codigo,Sectores
"CFC  ","1         ",6910
"CFC  ","10        ",8610
"CFC  ","100       ",7020
"CFC  ","1000      ",7110
"CFC  ","1001      ",2023
"CFC  ","1002      ",4645
"CFC  ","1003      ",8299
"CFC  ","1004      ",7490
"CFC  ","1005      ",6492
"CFC  ","1006      ",8692
"CFC  ","1007      ",6613
"CFC  ","1008      ",4663
"CFC  ","1009      ",5820
"CFC  ","101       ",5223
"CFC  ","1010      ",7110
"CFC  ","1011      ",4620
"CFC  ","1012      ",1089
"CFC  ","1013      ",2410
"CFC  ","1014      ",4669
"CFC  ","1015      ",4652
"CFC  ","1016      ",7820
"CFC  ","1017      ",6423
"CFC  ","1018      ",1089
"CFC  ","1019      ",4290
"CFC  ","102       ",8422
"CFC  ","1020      ",8299
"CFC  ","1021      ",8010
"CFC  ","1022      ",910
"CFC  ","1023      ",8299
"CFC  ","1024      ",6511
"CFC  ","1025      ",4610
"CFC  ","1026      ",8621
"CFC  ","1027      ",8544
"CFC  ","1028      ",2100
"CFC  ","1029      ",6910
"CFC  ","103       ",6612
"CFC  ","1030      ",6311
"CFC  ","1031      ",5229
"CFC  ","1032      ",145
"CFC  ","1033      ",4659
"CFC  ","1034      ",9499
"CFC  ","1035      ",8621
"CFC  ","1036      ",4761
"CFC  ","1037      ",8010
"CFC  ","1038      ",6201
"CFC  ","1039      ",4761
"CFC  ","104       ",6423
"CFC  ","1040      ",510
"CFC  ","1041      ",6499
"CFC  ","1042      ",4773
"CFC  ","1043      ",5511
"CFC  ","1044      ",4112
"CFC  ","1045      ",8544
"CFC  ","1046      ",8560
"CFC  ","1047      ",4653
"CFC  ","1048      ",8544
"CFC  ","1049      ",4111
"CFC  ","105       ",7911
"CFC  ","1050      ",990
"CFC  ","1051      ",8544
"CFC  ","1052      ",4752
"CFC  ","1053      ",6201
"CFC  ","1054      ",7220
"CFC  ","1055      ",6202
"CFC  ","1056      ",6202
"CFC  ","1057      ",6492
"CFC  ","1058      ",7310
"CFC  ","1059      ",4651
"CFC  ","106       ",9411
"CFC  ","1060      ",7310
"CFC  ","1061      ",8412
"CFC  ","1062      ",8020
"CFC  ","1063      ",1392
"CFC  ","1064      ",1811
"CFC  ","1065      ",8610
"CFC  ","1066      ",6201
"CFC  ","1067      ",4210
"CFC  ","1068      ",510
"CFC  ","1069      ",7110
"CFC  ","107       ",6202
"CFC  ","1070      ",4511
"CFC  ","1071      ",8544
"CFC  ","1072      ",8430
"CFC  ","1073      ",2229
"CFC  ","1074      ",2229
"CFC  ","1075      ",7710
"CFC  ","1076      ",4111
"CFC  ","1077      ",4923
"CFC  ","1078      ",6020
"CFC  ","1079      ",3030
"CFC  ","108       ",8544
"CFC  ","1080      ",9491
"CFC  ","1081      ",5611
"CFC  ","1082      ",5511
"CFC  ","1083      ",6209
"CFC  ","1084      ",8299
"CFC  ","1085      ",7820
"CFC  ","1086      ",4669
"CFC  ","1087      ",6202
"CFC  ","1088      ",4530
"CFC  ","1089      ",4652
"CFC  ","109       ",7820
"CFC  ","1090      ",8544
"CFC  ","1091      ",620
"CFC  ","1092      ",8512
"CFC  ","1093      ",4649
"CFC  ","1094      ",6810
"CFC  ","1095      ",7820
"CFC  ","1096      ",4669
"CFC  ","1097      ",2229
"CFC  ","1098      ",2029
"CFC  ","1099      ",6209
"CFC  ","11        ",910
"CFC  ","110       ",5621
"CFC  ","1100      ",4645
"CFC  ","1101      ",5229
"CFC  ","1102      ",4321
"CFC  ","1103      ",7830
"CFC  ","1104      ",8430
"CFC  ","1105      ",2711
"CFC  ","1106      ",6511
"CFC  ","1107      ",1030
"CFC  ","1108      ",8621
"CFC  ","1109      ",8521
"CFC  ","111       ",1811
"CFC  ","1110      ",4651
"CFC  ","1111      ",1051
"CFC  ","1112      ",1200
"CFC  ","1113      ",8010
"CFC  ","1114      ",6810
"CFC  ","1115      ",8299
"CFC  ","1116      ",7110
"CFC  ","1117      ",8692
"CFC  ","1118      ",9499
"CFC  ","1119      ",6910
"CFC  ","112       ",90
"CFC  ","1120      ",8621
"CFC  ","1121      ",5612
"CFC  ","1122      ",4923
"CFC  ","1123      ",2822
"CFC  ","1124      ",4923
"CFC  ","1125      ",9499
"CFC  ","1126      ",7120
"CFC  ","1127      ",125
"CFC  ","1128      ",4111
"CFC  ","1129      ",8299
"CFC  ","113       ",7830
"CFC  ","1130      ",4659
"CFC  ","1131      ",6621
"CFC  ","1132      ",4321
"CFC  ","1133      ",8412
"CFC  ","1134      ",4644
"CFC  ","1135      ",4210
"CFC  ","1136      ",4719
"CFC  ","1137      ",4659
"CFC  ","1138      ",4390
"CFC  ","1139      ",4659
"CFC  ","114       ",1410
"CFC  ","1140      ",6920
"CFC  ","1141      ",2229
"CFC  ","1142      ",3312
"CFC  ","1143      ",4651
"CFC  ","1144      ",4661
"CFC  ","1145      ",6629
"CFC  ","1146      ",4690
"CFC  ","1147      ",4923
"CFC  ","1148      ",8610
"CFC  ","1149      ",6412
"CFC  ","115       ",8010
"CFC  ","1150      ",7110
"CFC  ","1151      ",6311
"CFC  ","1152      ",3312
"CFC  ","1153      ",4664
"CFC  ","1154      ",4390
"CFC  ","1155      ",4774
"CFC  ","1156      ",6422
"CFC  ","1157      ",4645
"CFC  ","1158      ",7020
"CFC  ","1159      ",2599
"CFC  ","116       ",8560
"CFC  ","1160      ",4530
"CFC  ","1161      ",5229
"CFC  ","1162      ",4112
"CFC  ","1163      ",3315
"CFC  ","1164      ",610
"CFC  ","1165      ",144
"CFC  ","1166      ",7110
"CFC  ","1167      ",6201
"CFC  ","1168      ",6421
"CFC  ","1169      ",7490
"CFC  ","117       ",8430
"CFC  ","1170      ",6202
"CFC  ","1171      ",2023
"CFC  ","1172      ",6920
"CFC  ","1173      ",8424
"CFC  ","1174      ",4651
"CFC  ","1175      ",6619
"CFC  ","1176      ",4923
"CFC  ","1177      ",8544
"CFC  ","1178      ",4111
"CFC  ","1179      ",4111
"CFC  ","118       ",4210
"CFC  ","1180      ",8415
"CFC  ","1181      ",6311
"CFC  ","1182      ",8220
"CFC  ","1183      ",6202
"CFC  ","1184      ",2819
"CFC  ","1185      ",8412
"CFC  ","1186      ",6202
"CFC  ","1187      ",4921
"CFC  ","1188      ",8010
"CFC  ","1189      ",6120
"CFC  ","119       ",2410
"CFC  ","1190      ",2100
"CFC  ","1191      ",8560
"CFC  ","1192      ",6431
"CFC  ","1193      ",7820
"CFC  ","1194      ",6201
"CFC  ","1195      ",6202
"CFC  ","1196      ",7210
"CFC  ","1197      ",9319
"CFC  ","1198      ",2813
"CFC  ","1199      ",6629
"CFC  ","12        ",8299
"CFC  ","120       ",2100
"CFC  ","1200      ",2023
"CFC  ","1201      ",3811
"CFC  ","1202      ",4659
"CFC  ","1203      ",2100
"CFC  ","1204      ",5229
"CFC  ","1205      ",6511
"CFC  ","1206      ",6201
"CFC  ","1207      ",6494
"CFC  ","1208      ",6412
"CFC  ","1209      ",7110
"CFC  ","121       ",6621
"CFC  ","1210      ",8621
"CFC  ","1211      ",6412
"CFC  ","1212      ",4290
"CFC  ","1213      ",7210
"CFC  ","1214      ",6511
"CFC  ","1215      ",4651
"CFC  ","1216      ",8622
"CFC  ","1217      ",4664
"CFC  ","1218      ",6492
"CFC  ","1219      ",1811
"CFC  ","122       ",4773
"CFC  ","1220      ",4659
"CFC  ","1221      ",4290
"CFC  ","1222      ",3320
"CFC  ","1223      ",5229
"CFC  ","1224      ",5012
"CFC  ","1225      ",7820
"CFC  ","1226      ",7020
"CFC  ","1227      ",6412
"CFC  ","1228      ",6511
"CFC  ","1229      ",1051
"CFC  ","123       ",4761
"CFC  ","1230      ",6910
"CFC  ","1231      ",6202
"CFC  ","1232      ",8521
"CFC  ","1233      ",6412
"CFC  ","1234      ",7820
"CFC  ","1235      ",1812
"CFC  ","1236      ",7911
"CFC  ","1237      ",4321
"CFC  ","1238      ",7410
"CFC  ","1239      ",8522
"CFC  ","124       ",4111
"CFC  ","1240      ",4290
"CFC  ","1241      ",2011
"CFC  ","1242      ",6431
"CFC  ","1243      ",6810
"CFC  ","1244      ",5310
"CFC  ","1245      ",9900
"CFC  ","1246      ",1410
"CFC  ","1247      ",7020
"CFC  ","1248      ",2100
"CFC  ","1249      ",7911
"CFC  ","125       ",9499
"CFC  ","1250      ",7730
"CFC  ","1251      ",8544
"CFC  ","1252      ",8610
"CFC  ","1253      ",2910
"CFC  ","1254      ",4645
"CFC  ","1255      ",6202
"CFC  ","1256      ",2023
"CFC  ","1257      ",8512
"CFC  ","1258      ",4923
"CFC  ","1259      ",5813
"CFC  ","126       ",811
"CFC  ","1260      ",7110
"CFC  ","1261      ",4930
"CFC  ","1262      ",5210
"CFC  ","1263      ",6190
"CFC  ","1264      ",9900
"CFC  ","1265      ",910
"CFC  ","1266      ",7110
"CFC  ","1267      ",7110
"CFC  ","1268      ",4530
"CFC  ","1269      ",3110
"CFC  ","127       ",8299
"CFC  ","1270      ",6202
"CFC  ","1271      ",4741
"CFC  ","1272      ",2790
"CFC  ","1273      ",5210
"CFC  ","1274      ",5229
"CFC  ","1275      ",4620
"CFC  ","1276      ",8220
"CFC  ","1277      ",9900
"CFC  ","1278      ",7820
"CFC  ","1279      ",7020
"CFC  ","128       ",6412
"CFC  ","1280      ",8530
"CFC  ","1281      ",5611
"CFC  ","1282      ",8414
"CFC  ","1283      ",4669
"CFC  ","1284      ",6611
"CFC  ","1285      ",8544
"CFC  ","1286      ",2395
"CFC  ","1287      ",2829
"CFC  ","1288      ",1011
"CFC  ","1289      ",6612
"CFC  ","129       ",9603
"CFC  ","1290      ",2100
"CFC  ","1291      ",8414
"CFC  ","1292      ",1811
"CFC  ","1293      ",4111
"CFC  ","1294      ",8414
"CFC  ","1295      ",4511
"CFC  ","1296      ",610
"CFC  ","1297      ",1523
"CFC  ","1298      ",1011
"CFC  ","1299      ",8415
"CFC  ","13        ",6412
"CFC  ","130       ",6492
"CFC  ","1300      ",8699
"CFC  ","1301      ",6910
"CFC  ","1302      ",5210
"CFC  ","1303      ",7020
"CFC  ","1304      ",8544
"CFC  ","1305      ",4111
"CFC  ","1306      ",8220
"CFC  ","1307      ",6120
"CFC  ","1308      ",7010
"CFC  ","1309      ",610
"CFC  ","131       ",8610
"CFC  ","1310      ",6810
"CFC  ","1311      ",6511
"CFC  ","1312      ",4690
"CFC  ","1313      ",8220
"CFC  ","1314      ",4663
"CFC  ","1315      ",9005
"CFC  ","1316      ",6190
"CFC  ","1317      ",0
"CFC  ","1318      ",6619
"CFC  ","1319      ",7110
"CFC  ","132       ",8621
"CFC  ","1320      ",2410
"CFC  ","1321      ",2029
"CFC  ","1322      ",4741
"CFC  ","1323      ",1104
"CFC  ","1324      ",4661
"CFC  ","1325      ",4921
"CFC  ","1326      ",4921
"CFC  ","1327      ",5229
"CFC  ","1328      ",7830
"CFC  ","1329      ",8010
"CFC  ","133       ",8299
"CFC  ","1330      ",5811
"CFC  ","1331      ",6209
"CFC  ","1332      ",8621
"CFC  ","1333      ",6201
"CFC  ","1334      ",6630
"CFC  ","1335      ",7990
"CFC  ","1336      ",0
"CFC  ","1337      ",4731
"CFC  ","1338      ",8622
"CFC  ","1339      ",2023
"CFC  ","134       ",8699
"CFC  ","1340      ",2011
"CFC  ","1341      ",8622
"CFC  ","1342      ",1512
"CFC  ","1343      ",7020
"CFC  ","1344      ",8430
"CFC  ","1345      ",8415
"CFC  ","1346      ",6512
"CFC  ","1347      ",7020
"CFC  ","1348      ",4731
"CFC  ","1349      ",4290
"CFC  ","135       ",7110
"CFC  ","1350      ",6810
"CFC  ","1351      ",150
"CFC  ","1352      ",6201
"CFC  ","1353      ",8610
"CFC  ","1354      ",6201
"CFC  ","1355      ",6920
"CFC  ","1356      ",6202
"CFC  ","1357      ",8291
"CFC  ","1358      ",6511
"CFC  ","1359      ",6810
"CFC  ","136       ",6910
"CFC  ","1360      ",6920
"CFC  ","1361      ",3315
"CFC  ","1362      ",6412
"CFC  ","1363      ",4645
"CFC  ","1364      ",4741
"CFC  ","1365      ",811
"CFC  ","1366      ",4210
"CFC  ","1367      ",6621
"CFC  ","1368      ",910
"CFC  ","1369      ",7110
"CFC  ","137       ",8610
"CFC  ","1370      ",6202
"CFC  ","1371      ",9900
"CFC  ","1372      ",8411
"CFC  ","1373      ",7730
"CFC  ","1374      ",8010
"CFC  ","1375      ",2221
"CFC  ","1376      ",6499
"CFC  ","1377      ",8610
"CFC  ","1378      ",8010
"CFC  ","1379      ",4774
"CFC  ","138       ",5511
"CFC  ","1380      ",7912
"CFC  ","1381      ",8544
"CFC  ","1382      ",8415
"CFC  ","1383      ",6209
"CFC  ","1384      ",6202
"CFC  ","1385      ",910
"CFC  ","1386      ",2511
"CFC  ","1387      ",4290
"CFC  ","1388      ",8291
"CFC  ","1389      ",4290
"CFC  ","139       ",8415
"CFC  ","1390      ",4321
"CFC  ","1391      ",6202
"CFC  ","1392      ",5611
"CFC  ","1393      ",8621
"CFC  ","1394      ",8121
"CFC  ","1395      ",6412
"CFC  ","1396      ",4923
"CFC  ","1397      ",4923
"CFC  ","1398      ",2100
"CFC  ","1399      ",6512
"CFC  ","14        ",8610
"CFC  ","140       ",7110
"CFC  ","1400      ",7820
"CFC  ","1401      ",2100
"CFC  ","1402      ",3312
"CFC  ","1403      ",6495
"CFC  ","1404      ",7110
"CFC  ","1405      ",8010
"CFC  ","1406      ",4620
"CFC  ","1407      ",8810
"CFC  ","1408      ",8544
"CFC  ","1409      ",820
"CFC  ","141       ",6630
"CFC  ","1410      ",8691
"CFC  ","1411      ",4511
"CFC  ","1412      ",4690
"CFC  ","1413      ",2229
"CFC  ","1414      ",7820
"CFC  ","1415      ",6810
"CFC  ","1416      ",6399
"CFC  ","1417      ",4923
"CFC  ","1418      ",5022
"CFC  ","1419      ",8299
"CFC  ","142       ",6130
"CFC  ","1420      ",8414
"CFC  ","1421      ",6120
"CFC  ","1422      ",8010
"CFC  ","1423      ",7110
"CFC  ","1424      ",3312
"CFC  ","1425      ",4210
"CFC  ","1426      ",8610
"CFC  ","1427      ",5320
"CFC  ","1428      ",8621
"CFC  ","1429      ",0
"CFC  ","143       ",7020
"CFC  ","1430      ",8544
"CFC  ","1431      ",0
"CFC  ","1432      ",4923
"CFC  ","1433      ",6810
"CFC  ","1434      ",0
"CFC  ","1435      ",8010
"CFC  ","1436      ",0
"CFC  ","1437      ",0
"CFC  ","1438      ",8411
"CFC  ","1439      ",2229
"CFC  ","144       ",4620
"CFC  ","1440      ",0
"CFC  ","1441      ",4631
"CFC  ","1442      ",6810
"CFC  ","1443      ",8610
"CFC  ","1444      ",6499
"CFC  ","1445      ",6810
"CFC  ","1446      ",4645
"CFC  ","1447      ",6499
"CFC  ","1448      ",8621
"CFC  ","1449      ",4645
"CFC  ","145       ",6412
"CFC  ","1450      ",0
"CFC  ","1451      ",4210
"CFC  ","1452      ",812
"CFC  ","1453      ",6493
"CFC  ","1454      ",3600
"CFC  ","1455      ",6422
"CFC  ","1456      ",220
"CFC  ","1457      ",6619
"CFC  ","1458      ",610
"CFC  ","1459      ",4663
"CFC  ","146       ",6412
"CFC  ","1460      ",9499
"CFC  ","1461      ",130
"CFC  ","1462      ",2012
"CFC  ","1463      ",2023
"CFC  ","1464      ",8010
"CFC  ","1465      ",5511
"CFC  ","1466      ",4754
"CFC  ","1467      ",7020
"CFC  ","1468      ",3822
"CFC  ","1469      ",6202
"CFC  ","147       ",5611
"CFC  ","1470      ",4290
"CFC  ","1471      ",4641
"CFC  ","1472      ",8512
"CFC  ","1473      ",7490
"CFC  ","1474      ",6202
"CFC  ","1475      ",0
"CFC  ","1476      ",2930
"CFC  ","1477      ",8544
"CFC  ","1478      ",7310
"CFC  ","1479      ",8010
"CFC  ","148       ",8423
"CFC  ","1480      ",4755
"CFC  ","1481      ",8521
"CFC  ","1482      ",7010
"CFC  ","1483      ",0
"CFC  ","1484      ",4741
"CFC  ","1485      ",6423
"CFC  ","1486      ",2399
"CFC  ","1487      ",4921
"CFC  ","1488      ",8413
"CFC  ","1489      ",0
"CFC  ","149       ",2393
"CFC  ","1490      ",6209
"CFC  ","1491      ",6020
"CFC  ","1492      ",0
"CFC  ","1493      ",0
"CFC  ","1494      ",6201
"CFC  ","1495      ",4631
"CFC  ","1496      ",4112
"CFC  ","1497      ",0
"CFC  ","1498      ",1089
"CFC  ","1499      ",4511
"CFC  ","15        ",8522
"CFC  ","150       ",8610
"CFC  ","1500      ",8544
"CFC  ","1501      ",6910
"CFC  ","1502      ",6492
"CFC  ","1503      ",6621
"CFC  ","1504      ",4751
"CFC  ","1505      ",0
"CFC  ","1506      ",5612
"CFC  ","1507      ",6499
"CFC  ","1508      ",8530
"CFC  ","1509      ",3312
"CFC  ","151       ",8541
"CFC  ","1510      ",4669
"CFC  ","1511      ",8610
"CFC  ","1512      ",8610
"CFC  ","1513      ",6190
"CFC  ","1514      ",4921
"CFC  ","1515      ",1410
"CFC  ","1516      ",2229
"CFC  ","1517      ",5111
"CFC  ","1518      ",5820
"CFC  ","1519      ",6422
"CFC  ","152       ",8414
"CFC  ","1520      ",8411
"CFC  ","1521      ",6810
"CFC  ","1522      ",4321
"CFC  ","1523      ",4290
"CFC  ","1524      ",4645
"CFC  ","1525      ",4645
"CFC  ","1526      ",6202
"CFC  ","1527      ",8544
"CFC  ","1528      ",4631
"CFC  ","1529      ",4659
"CFC  ","153       ",145
"CFC  ","1530      ",6494
"CFC  ","1531      ",722
"CFC  ","1532      ",3120
"CFC  ","1533      ",4923
"CFC  ","1534      ",4663
"CFC  ","1535      ",4111
"CFC  ","1536      ",4290
"CFC  ","1537      ",3312
"CFC  ","1538      ",4663
"CFC  ","1539      ",2023
"CFC  ","154       ",8621
"CFC  ","1540      ",5611
"CFC  ","1541      ",6910
"CFC  ","1542      ",6521
"CFC  ","1543      ",4659
"CFC  ","1544      ",4773
"CFC  ","1545      ",3315
"CFC  ","1546      ",4741
"CFC  ","1547      ",4645
"CFC  ","1548      ",5229
"CFC  ","1549      ",8544
"CFC  ","155       ",9601
"CFC  ","1550      ",7010
"CFC  ","1551      ",4923
"CFC  ","1552      ",610
"CFC  ","1553      ",2511
"CFC  ","1554      ",7020
"CFC  ","1555      ",8299
"CFC  ","1556      ",2930
"CFC  ","1557      ",4773
"CFC  ","1558      ",6020
"CFC  ","1559      ",119
"CFC  ","156       ",7020
"CFC  ","1560      ",6810
"CFC  ","1561      ",1410
"CFC  ","1562      ",4663
"CFC  ","1563      ",1410
"CFC  ","1564      ",1082
"CFC  ","1565      ",1030
"CFC  ","1566      ",6492
"CFC  ","1567      ",4651
"CFC  ","1568      ",8411
"CFC  ","1569      ",7310
"CFC  ","157       ",7020
"CFC  ","1570      ",9900
"CFC  ","1571      ",7911
"CFC  ","1572      ",8412
"CFC  ","1573      ",6202
"CFC  ","1574      ",4923
"CFC  ","1575      ",0
"CFC  ","1576      ",5320
"CFC  ","1577      ",1410
"CFC  ","1578      ",1104
"CFC  ","1579      ",4741
"CFC  ","158       ",9900
"CFC  ","1580      ",4669
"CFC  ","1581      ",4390
"CFC  ","1582      ",6810
"CFC  ","1583      ",5629
"CFC  ","1584      ",4112
"CFC  ","1585      ",8415
"CFC  ","1586      ",8230
"CFC  ","1587      ",9499
"CFC  ","1588      ",8522
"CFC  ","1589      ",7220
"CFC  ","159       ",4659
"CFC  ","1590      ",9603
"CFC  ","1591      ",2511
"CFC  ","1592      ",0
"CFC  ","1593      ",5224
"CFC  ","1594      ",4290
"CFC  ","1595      ",2021
"CFC  ","1596      ",4511
"CFC  ","1597      ",1082
"CFC  ","1598      ",4732
"CFC  ","1599      ",4923
"CFC  ","16        ",4530
"CFC  ","160       ",8544
"CFC  ","1600      ",7020
"CFC  ","1601      ",2431
"CFC  ","1602      ",161
"CFC  ","1603      ",7820
"CFC  ","1604      ",8020
"CFC  ","1605      ",5612
"CFC  ","1606      ",6202
"CFC  ","1607      ",8610
"CFC  ","1608      ",6201
"CFC  ","1609      ",8220
"CFC  ","161       ",6422
"CFC  ","1610      ",8559
"CFC  ","1611      ",8129
"CFC  ","1612      ",4669
"CFC  ","1613      ",8621
"CFC  ","1614      ",0
"CFC  ","1615      ",6499
"CFC  ","1616      ",6920
"CFC  ","1617      ",6202
"CFC  ","1618      ",4511
"CFC  ","1619      ",122
"CFC  ","162       ",4690
"CFC  ","1620      ",6810
"CFC  ","1621      ",4921
"CFC  ","1622      ",6619
"CFC  ","1623      ",4651
"CFC  ","1624      ",4290
"CFC  ","1625      ",8299
"CFC  ","1626      ",2431
"CFC  ","1627      ",8610
"CFC  ","1628      ",4511
"CFC  ","1629      ",6499
"CFC  ","163       ",6810
"CFC  ","1630      ",6201
"CFC  ","1631      ",7820
"CFC  ","1632      ",6190
"CFC  ","1633      ",4923
"CFC  ","1634      ",4771
"CFC  ","1635      ",7310
"CFC  ","1636      ",4923
"CFC  ","1637      ",4290
"CFC  ","1638      ",4690
"CFC  ","1639      ",8220
"CFC  ","164       ",8415
"CFC  ","1640      ",8523
"CFC  ","1641      ",5511
"CFC  ","1642      ",6422
"CFC  ","1643      ",7020
"CFC  ","1644      ",6120
"CFC  ","1645      ",6202
"CFC  ","1646      ",4631
"CFC  ","1647      ",4752
"CFC  ","1648      ",6391
"CFC  ","1649      ",7310
"CFC  ","165       ",2229
"CFC  ","1650      ",4321
"CFC  ","1651      ",6910
"CFC  ","1652      ",6201
"CFC  ","1653      ",6630
"CFC  ","1654      ",6499
"CFC  ","1655      ",5811
"CFC  ","1656      ",2920
"CFC  ","1657      ",5811
"CFC  ","1658      ",9005
"CFC  ","1659      ",9102
"CFC  ","166       ",8299
"CFC  ","1660      ",8421
"CFC  ","1661      ",6613
"CFC  ","1662      ",1082
"CFC  ","1663      ",6130
"CFC  ","1664      ",2100
"CFC  ","1665      ",5122
"CFC  ","1666      ",4723
"CFC  ","1667      ",6399
"CFC  ","1668      ",8010
"CFC  ","1669      ",7020
"CFC  ","167       ",7110
"CFC  ","1670      ",6621
"CFC  ","1671      ",6201
"CFC  ","1672      ",145
"CFC  ","1673      ",7830
"CFC  ","1674      ",4111
"CFC  ","1675      ",4664
"CFC  ","1676      ",8699
"CFC  ","1677      ",161
"CFC  ","1678      ",8610
"CFC  ","1679      ",7110
"CFC  ","168       ",8522
"CFC  ","1680      ",4690
"CFC  ","1681      ",4330
"CFC  ","1682      ",6492
"CFC  ","1683      ",8523
"CFC  ","1684      ",8523
"CFC  ","1685      ",7010
"CFC  ","1686      ",7110
"CFC  ","1687      ",4111
"CFC  ","1688      ",4111
"CFC  ","1689      ",7110
"CFC  ","169       ",8010
"CFC  ","1690      ",4772
"CFC  ","1691      ",4659
"CFC  ","1692      ",4659
"CFC  ","1693      ",4659
"CFC  ","1694      ",6521
"CFC  ","1695      ",7310
"CFC  ","1696      ",7912
"CFC  ","1697      ",6412
"CFC  ","1698      ",610
"CFC  ","1699      ",1104
"CFC  ","17        ",1702
"CFC  ","170       ",7010
"CFC  ","1700      ",8699
"CFC  ","1701      ",4663
"CFC  ","1702      ",7010
"CFC  ","1703      ",8544
"CFC  ","1704      ",7120
"CFC  ","1705      ",4923
"CFC  ","1706      ",4610
"CFC  ","1707      ",6499
"CFC  ","1708      ",4923
"CFC  ","1709      ",9499
"CFC  ","171       ",7310
"CFC  ","1710      ",7110
"CFC  ","1711      ",6621
"CFC  ","1712      ",6621
"CFC  ","1713      ",4111
"CFC  ","1714      ",7830
"CFC  ","1715      ",4111
"CFC  ","1716      ",8610
"CFC  ","1717      ",6202
"CFC  ","1718      ",4659
"CFC  ","1719      ",6910
"CFC  ","172       ",8129
"CFC  ","1720      ",8699
"CFC  ","1721      ",4210
"CFC  ","1722      ",7020
"CFC  ","1723      ",6521
"CFC  ","1724      ",6511
"CFC  ","1725      ",5913
"CFC  ","1726      ",4923
"CFC  ","1727      ",8430
"CFC  ","1728      ",4921
"CFC  ","1729      ",6630
"CFC  ","173       ",4321
"CFC  ","1730      ",4923
"CFC  ","1731      ",4921
"CFC  ","1732      ",8430
"CFC  ","1733      ",8412
"CFC  ","1734      ",6810
"CFC  ","1735      ",7820
"CFC  ","1736      ",2930
"CFC  ","1737      ",8890
"CFC  ","1738      ",6521
"CFC  ","1739      ",4111
"CFC  ","174       ",7490
"CFC  ","1740      ",5511
"CFC  ","1741      ",5511
"CFC  ","1742      ",4620
"CFC  ","1743      ",4520
"CFC  ","1744      ",8530
"CFC  ","1745      ",7830
"CFC  ","1746      ",6110
"CFC  ","1747      ",7020
"CFC  ","1748      ",7110
"CFC  ","1749      ",4111
"CFC  ","175       ",2229
"CFC  ","1750      ",3600
"CFC  ","1751      ",161
"CFC  ","1752      ",4112
"CFC  ","1753      ",6494
"CFC  ","1754      ",6201
"CFC  ","1755      ",4111
"CFC  ","1756      ",2029
"CFC  ","1757      ",7830
"CFC  ","1758      ",4290
"CFC  ","1759      ",8610
"CFC  ","176       ",6820
"CFC  ","1760      ",8421
"CFC  ","1761      ",4645
"CFC  ","1762      ",7820
"CFC  ","1763      ",9329
"CFC  ","1764      ",4111
"CFC  ","1765      ",4663
"CFC  ","1766      ",8692
"CFC  ","1767      ",1104
"CFC  ","1768      ",2511
"CFC  ","1769      ",8421
"CFC  ","177       ",7830
"CFC  ","1770      ",4923
"CFC  ","1771      ",4511
"CFC  ","1772      ",4773
"CFC  ","1773      ",8010
"CFC  ","1774      ",7110
"CFC  ","1775      ",7310
"CFC  ","1776      ",5511
"CFC  ","1777      ",7110
"CFC  ","1778      ",7110
"CFC  ","1779      ",6920
"CFC  ","178       ",4663
"CFC  ","1780      ",4652
"CFC  ","1781      ",4511
"CFC  ","1782      ",5229
"CFC  ","1783      ",6612
"CFC  ","1784      ",7110
"CFC  ","1785      ",4111
"CFC  ","1786      ",4620
"CFC  ","1787      ",8299
"CFC  ","1788      ",1089
"CFC  ","1789      ",1089
"CFC  ","179       ",4923
"CFC  ","1790      ",5920
"CFC  ","1791      ",6492
"CFC  ","1792      ",2750
"CFC  ","1793      ",4112
"CFC  ","1794      ",7310
"CFC  ","1795      ",7010
"CFC  ","1796      ",6424
"CFC  ","1797      ",8610
"CFC  ","1798      ",4923
"CFC  ","1799      ",4290
"CFC  ","18        ",4659
"CFC  ","180       ",4774
"CFC  ","1800      ",7820
"CFC  ","1801      ",8299
"CFC  ","1802      ",8512
"CFC  ","1803      ",6399
"CFC  ","1804      ",7020
"CFC  ","1805      ",4741
"CFC  ","1806      ",9329
"CFC  ","1807      ",4661
"CFC  ","1808      ",6619
"CFC  ","1809      ",3811
"CFC  ","181       ",2825
"CFC  ","1810      ",2100
"CFC  ","1811      ",4530
"CFC  ","1812      ",8121
"CFC  ","1813      ",7110
"CFC  ","1814      ",4719
"CFC  ","1815      ",8299
"CFC  ","1816      ",4773
"CFC  ","1817      ",6521
"CFC  ","1818      ",6202
"CFC  ","1819      ",8010
"CFC  ","182       ",2930
"CFC  ","1820      ",4731
"CFC  ","1821      ",910
"CFC  ","1822      ",2219
"CFC  ","1823      ",8010
"CFC  ","1824      ",4665
"CFC  ","1825      ",6613
"CFC  ","1826      ",8010
"CFC  ","1827      ",6820
"CFC  ","1828      ",2410
"CFC  ","1829      ",2599
"CFC  ","183       ",4330
"CFC  ","1830      ",4921
"CFC  ","1831      ",8430
"CFC  ","1832      ",4664
"CFC  ","1833      ",8411
"CFC  ","1834      ",4530
"CFC  ","1835      ",0
"CFC  ","1836      ",2511
"CFC  ","1837      ",8530
"CFC  ","1838      ",4772
"CFC  ","1839      ",6493
"CFC  ","184       ",9412
"CFC  ","1840      ",1811
"CFC  ","1841      ",4771
"CFC  ","1842      ",7110
"CFC  ","1843      ",4669
"CFC  ","1844      ",4530
"CFC  ","1845      ",1410
"CFC  ","1846      ",4210
"CFC  ","1847      ",4520
"CFC  ","1848      ",4111
"CFC  ","1849      ",4631
"CFC  ","185       ",7820
"CFC  ","1850      ",7490
"CFC  ","1851      ",1513
"CFC  ","1852      ",1410
"CFC  ","1853      ",4669
"CFC  ","1854      ",5229
"CFC  ","1855      ",9412
"CFC  ","1856      ",2750
"CFC  ","1857      ",2221
"CFC  ","1858      ",4690
"CFC  ","1859      ",6202
"CFC  ","186       ",3812
"CFC  ","1860      ",4773
"CFC  ","1861      ",4663
"CFC  ","1862      ",2229
"CFC  ","1863      ",4921
"CFC  ","1864      ",4669
"CFC  ","1865      ",7110
"CFC  ","1866      ",8699
"CFC  ","1867      ",4111
"CFC  ","1868      ",4645
"CFC  ","1869      ",6910
"CFC  ","187       ",1521
"CFC  ","1870      ",0
"CFC  ","1871      ",4290
"CFC  ","1872      ",6920
"CFC  ","1873      ",2100
"CFC  ","1874      ",2023
"CFC  ","1875      ",8413
"CFC  ","1876      ",8020
"CFC  ","1877      ",6810
"CFC  ","1878      ",8691
"CFC  ","1879      ",8530
"CFC  ","188       ",4923
"CFC  ","1880      ",7020
"CFC  ","1881      ",8699
"CFC  ","1882      ",6810
"CFC  ","1883      ",4690
"CFC  ","1884      ",7310
"CFC  ","1885      ",7110
"CFC  ","1886      ",4631
"CFC  ","1887      ",6810
"CFC  ","1888      ",6810
"CFC  ","1889      ",7320
"CFC  ","189       ",7020
"CFC  ","1890      ",4645
"CFC  ","1891      ",4690
"CFC  ","1892      ",610
"CFC  ","1893      ",4631
"CFC  ","1894      ",6511
"CFC  ","1895      ",0
"CFC  ","1896      ",7010
"CFC  ","1897      ",4530
"CFC  ","1898      ",4210
"CFC  ","1899      ",4923
